/*
 Navicat Premium Data Transfer

 Source Server         : Dzy
 Source Server Type    : MySQL
 Source Server Version : 50717
 Source Host           : localhost:3306
 Source Schema         : literature

 Target Server Type    : MySQL
 Target Server Version : 50717
 File Encoding         : 65001

 Date: 24/04/2021 16:13:04
*/

SET NAMES utf8mb4;
SET FOREIGN_KEY_CHECKS = 0;

-- ----------------------------
-- Table structure for lt_collect
-- ----------------------------
DROP TABLE IF EXISTS `lt_collect`;
CREATE TABLE `lt_collect`  (
  `id` int(20) NOT NULL AUTO_INCREMENT,
  `user_id` int(20) DEFAULT NULL,
  `work_id` int(20) DEFAULT NULL,
  `collect_time` datetime(0) DEFAULT NULL COMMENT '收藏时间',
  `memo` varchar(255) CHARACTER SET utf8mb4 COLLATE utf8mb4_general_ci DEFAULT NULL,
  `del` int(20) DEFAULT 0,
  PRIMARY KEY (`id`) USING BTREE
) ENGINE = InnoDB AUTO_INCREMENT = 10 CHARACTER SET = utf8mb4 COLLATE = utf8mb4_general_ci ROW_FORMAT = Dynamic;

-- ----------------------------
-- Records of lt_collect
-- ----------------------------
INSERT INTO `lt_collect` VALUES (8, 6, 21, '2021-04-24 15:58:35', NULL, 0);
INSERT INTO `lt_collect` VALUES (9, 7, 27, '2021-04-24 16:09:33', NULL, 0);

-- ----------------------------
-- Table structure for lt_read
-- ----------------------------
DROP TABLE IF EXISTS `lt_read`;
CREATE TABLE `lt_read`  (
  `id` int(20) NOT NULL AUTO_INCREMENT,
  `user_id` int(20) DEFAULT NULL COMMENT '用户id',
  `work_id` int(20) DEFAULT NULL COMMENT '文学作品id',
  `read_time` datetime(0) DEFAULT NULL COMMENT '最近一次阅读时间',
  `memo` varchar(255) CHARACTER SET utf8mb4 COLLATE utf8mb4_general_ci DEFAULT NULL COMMENT '备注信息',
  `del` int(255) DEFAULT 0 COMMENT '是否删除，默认0，没有被删除',
  PRIMARY KEY (`id`) USING BTREE
) ENGINE = InnoDB AUTO_INCREMENT = 28 CHARACTER SET = utf8mb4 COLLATE = utf8mb4_general_ci ROW_FORMAT = Dynamic;

-- ----------------------------
-- Records of lt_read
-- ----------------------------
INSERT INTO `lt_read` VALUES (23, 5, 21, '2021-04-24 15:35:16', NULL, 0);
INSERT INTO `lt_read` VALUES (24, 6, 21, '2021-04-24 15:58:34', NULL, 0);
INSERT INTO `lt_read` VALUES (25, 6, 23, '2021-04-24 15:51:21', NULL, 0);
INSERT INTO `lt_read` VALUES (26, 6, 22, '2021-04-24 15:51:26', NULL, 0);
INSERT INTO `lt_read` VALUES (27, 7, 27, '2021-04-24 16:09:28', NULL, 0);

-- ----------------------------
-- Table structure for lt_user
-- ----------------------------
DROP TABLE IF EXISTS `lt_user`;
CREATE TABLE `lt_user`  (
  `id` int(20) NOT NULL AUTO_INCREMENT,
  `username` varchar(255) CHARACTER SET utf8mb4 COLLATE utf8mb4_general_ci DEFAULT NULL,
  `email` varchar(255) CHARACTER SET utf8mb4 COLLATE utf8mb4_general_ci DEFAULT NULL,
  `password` varchar(255) CHARACTER SET utf8mb4 COLLATE utf8mb4_general_ci DEFAULT NULL,
  `create_time` datetime(0) DEFAULT NULL,
  `motto` varchar(255) CHARACTER SET utf8mb4 COLLATE utf8mb4_general_ci DEFAULT NULL COMMENT '座右铭',
  `del` int(11) DEFAULT 0 COMMENT '是否注销 0：没有注销，1：已经注销 。默认没有注销',
  `memo` varchar(255) CHARACTER SET utf8mb4 COLLATE utf8mb4_general_ci DEFAULT NULL COMMENT '备注',
  `role` int(11) DEFAULT 2 COMMENT '0:admin, 1:作者 ，2：读者 。 3:读者申请作者中\r\n默认已注册就是读者用户',
  PRIMARY KEY (`id`) USING BTREE
) ENGINE = InnoDB AUTO_INCREMENT = 8 CHARACTER SET = utf8mb4 COLLATE = utf8mb4_general_ci ROW_FORMAT = Dynamic;

-- ----------------------------
-- Records of lt_user
-- ----------------------------
INSERT INTO `lt_user` VALUES (5, 'admin', 'admin', '123456', '2021-04-24 15:22:01', '我是管理员', 0, NULL, 0);
INSERT INTO `lt_user` VALUES (6, '董', '1327293674@qq.com', '123456', '2021-04-24 15:23:58', NULL, 0, NULL, 1);
INSERT INTO `lt_user` VALUES (7, 'test', '123', '123', '2021-04-24 16:09:11', NULL, 0, NULL, 2);

-- ----------------------------
-- Table structure for lt_work
-- ----------------------------
DROP TABLE IF EXISTS `lt_work`;
CREATE TABLE `lt_work`  (
  `id` int(20) NOT NULL AUTO_INCREMENT,
  `title` varchar(255) CHARACTER SET utf8mb4 COLLATE utf8mb4_general_ci DEFAULT NULL COMMENT '标题',
  `content` text CHARACTER SET utf8mb4 COLLATE utf8mb4_general_ci COMMENT '内容',
  `author` varchar(255) CHARACTER SET utf8mb4 COLLATE utf8mb4_general_ci DEFAULT NULL COMMENT '作者',
  `author_id` int(20) DEFAULT NULL COMMENT '上传者id',
  `type` varchar(255) CHARACTER SET utf8mb4 COLLATE utf8mb4_general_ci DEFAULT NULL COMMENT '类型',
  `permission` int(20) DEFAULT 0 COMMENT '0:待审核 ，1 ：许可 2.被驳回',
  `brief` varchar(255) CHARACTER SET utf8mb4 COLLATE utf8mb4_general_ci DEFAULT NULL COMMENT '简介',
  `publish_time` datetime(0) DEFAULT NULL COMMENT '作品发布时间',
  `update_time` datetime(0) DEFAULT NULL COMMENT '作品最新修改时间',
  `read_count` int(20) DEFAULT 0 COMMENT '阅读量',
  `del` int(20) DEFAULT 0 COMMENT '是否删除，默认0（没有删除）',
  `memo` varchar(255) CHARACTER SET utf8mb4 COLLATE utf8mb4_general_ci DEFAULT NULL COMMENT '备注',
  PRIMARY KEY (`id`) USING BTREE
) ENGINE = InnoDB AUTO_INCREMENT = 28 CHARACTER SET = utf8mb4 COLLATE = utf8mb4_general_ci ROW_FORMAT = Dynamic;

-- ----------------------------
-- Records of lt_work
-- ----------------------------
INSERT INTO `lt_work` VALUES (21, '西游记', '<h2><img src=\"http://5b0988e595225.cdn.sohucs.com/images/20181007/77394eb4a71f42b5957df830d3495d4c.jpeg\"/></h2><h2>1.学界有关作者的争议👀</h2><p>现在出版的各种版本的《西游记》都署名吴承恩，但是自《西游记》问世以来，就一直对其作者存有争议。</p><p>明朝流传的《西游记》，各种版本都没有署名。清朝汪象旭在所撰《西游证道书》中提出《西游记》为南宋时的丘处机所著。这一看法提出后，清朝的文人大多赞同。清朝纪昀始疑此说，他查出小说的官制皆明制，写作时代必为明代，不可能是元人丘处机，钱大昕认为《西游记》中多处描写明朝的风土人情，而丘处机是南宋末人（是元明朝代以前的人）<sup><a href=\"https://www.zggdwx.com/xiyou.html#cite_note-0\"></a></sup>；此外《西游记》中多处使用江苏淮安方言，而丘处机一生在华北地区活动，并未在淮安居住过。也有明朝、清朝道士、文人以为《西游记》是道士炼丹之书。自明以来，有很多人认为吴承恩是小说《西游记》的作者，阮葵生<sup><a href=\"https://www.zggdwx.com/xiyou.html#cite_note-1\"></a></sup>、丁晏<sup><a href=\"https://www.zggdwx.com/xiyou.html#cite_note-2\"></a></sup>、吴玉搢<sup><a href=\"https://www.zggdwx.com/xiyou.html#cite_note-3\"></a></sup>、冒广生<sup><a href=\"https://www.zggdwx.com/xiyou.html#cite_note-4\"></a></sup>都认为《天启淮安府志》中著录的“吴承恩《西游记》”就是小说《西游记》<sup><a href=\"https://www.zggdwx.com/xiyou.html#cite_note-5\"></a></sup>，即所谓的“所著杂记数种，名震一时”。</p><p>1980年以后，有关《西游记》作者的研究渐成热点。仍不断有学者对吴承恩的作者身份表示质疑。理由是今存吴承恩诗文及其友人或同时代之文人如李维桢、吴国荣、陈文烛、丘度等文字中从未提及撰写《西游记》一事；二是《淮安府志》所载吴承恩著《西游记》一事<sup><a href=\"https://www.zggdwx.com/xiyou.html#cite_note-6\"></a></sup>并未说明是演义、稗官，而通常情况下演义、稗官是不录入地方志的；三是在清朝藏书家黄虞稷所著《千顷堂书目》中吴承恩所著《西游记》被列入舆地类（即地理类）。因此，有人重新提出《西游记》是丘处机所著，或是其弟子、传人所著。也有少数学者立论：《西游记》是李春芳<sup><a href=\"https://www.zggdwx.com/xiyou.html#cite_note-7\"></a></sup>、陈元之<sup><a href=\"https://www.zggdwx.com/xiyou.html#cite_note-8\"></a></sup>所著。但是由于论据稀少、牵强，绝大多数学者都不赞同此说。</p><h2>2.主要人物介绍👣</h2><blockquote><ul><li>&nbsp;&nbsp;&nbsp;&nbsp;&nbsp;&nbsp;&nbsp;&nbsp;孙悟空，又名<b>孙行者</b>，自号<b>齐天大圣</b>，书中又称<b>心猿</b>、<b>金公</b>，是东胜神洲傲来国花果山灵石孕育迸裂见风而成之石猴。在花果山水帘洞占山为王三五百载。后历经八九载，跋山涉水，在西牛贺洲灵台方寸山斜月三星洞拜菩提祖师为师，习得七十二变之本领。使用的兵器是从龙宫得到的<b>天河定底神珍铁</b>，即如意金箍棒。在书中暗指金属性。此后，孙悟空大闹天宫，自封为齐天大圣，被如来佛祖（释迦牟尼佛）压制于五行山下，无法行动。五百年后唐僧西天取经，路过五行山，揭去符咒，才救下孙悟空。孙悟空感激涕零，经观音菩萨点拨，拜唐僧为师，起浑名<b>孙行者</b>，同往西天取经。取经路上，孙悟空降妖除怪，屡建奇功，然而两次三番被师傅唐僧误解、驱逐。终于师徒四人到达西天雷音寺，取得真经。后功德圆满，加升大职正果，被赐封为<b>斗战胜佛</b>。孙悟空生性聪明、活泼、勇敢、忠诚、嫉恶如仇，在中国文化中已经成为机智与勇敢的化身，所以孙悟空很容易就会成为中国小男孩崇拜的偶像。</li><li>&nbsp;&nbsp;&nbsp;&nbsp;&nbsp;&nbsp;&nbsp;&nbsp;唐三藏，小说里的唐僧是虚构的人物，与历史上的真实人物玄奘是有区别的。小说里的唐僧，俗姓<b>陈</b>，小名<b>江流儿</b>，法号<b>玄奘</b>，号<b>三藏</b>，被唐太宗赐姓为<b>唐</b>。为如来佛祖第二弟子金蝉长老投胎。在书中暗指火属性。他是遗腹子，由于父母凄惨、离奇的经历，自幼在寺庙中出家、长大，在化生寺出家，最终迁移到京城的著名寺院中落户、修行。唐僧勤敏好学，悟性极高，在寺庙僧人中脱颖而出。最终被唐太宗选定，与其结拜并前往西天取经。在取经的路上，唐僧先后收服了三个徒弟：孙悟空、猪八戒、沙僧。后功德圆满，加升大职正果，被赐封为<b>旃檀功德佛</b>。手执由观音菩萨所赠的<b>九环锡杖</b>，身披<b>锦斓袈裟</b>。</li></ul></blockquote><h2><br/></h2>', '吴承恩', 5, '浪漫', 1, '《西游记》是一部中国古典神魔小说，为中国“四大名著”之一。书中讲述唐朝玄奘法师西天取经的故事', '2021-04-24 15:29:38', '2021-04-24 15:36:36', 7, 0, NULL);
INSERT INTO `lt_work` VALUES (22, '水浒传', '<h1 id=\"ehngm\" style=\"text-align:center;\"><font face=\"楷体\">水浒传</font></h1><p><font face=\"楷体\">　　第十：杨志</font></p><p><font face=\"楷体\">　　青面兽杨志是将门之后，武侯杨令公之孙，不管是杨家枪法还是刀法，十八般武艺，样样精通，曾与林冲、呼延灼、鲁智深交手数回合，不落下风，足见武艺之高，马上马下，全能战士。</font></p><p><font face=\"楷体\">　　第九：朱仝</font></p><p><font face=\"楷体\">　　美髯公朱仝，面如关公，义气也如关公，私放雷横，义薄云天，他性格平和，宠辱不惊，锋芒不露，武艺深不可测。</font></p><p><font face=\"楷体\">　　第八：花荣</font></p><p><font face=\"楷体\">　　小李广花荣，将门之子，箭法无双，枪法高超，堪称“箭神”。花荣一生传奇，对阵从无败绩，箭神之名，名不虚传，对影山射豹尾，祝家庄射红灯，梁山射雁，甚至射落卢俊义、秦明头盔上的红缨。花荣的神箭也因此成为了梁山好汉落下风时的定心丸和救命稻草。</font></p><p><font face=\"楷体\">　　第七：董平</font></p><p><font face=\"楷体\">　　双枪将董平勇猛善战，是梁山常常惯冲头阵的猛将，武艺高超，想想当初梁山对战董平时，使梁山顶级勇将林冲与花荣去诱引董平，然后使绊马索拿下董平，若是寻常小将，别说林冲与花荣一起，就是林冲一人亦可数招之后直接拿下，没必要再使用计谋了，可见董平武艺之高。征辽时刺死韩明，大败李韶，杀敌无数。</font></p><p><font face=\"楷体\">　　第六：武松</font></p><p><font face=\"楷体\">　　行者武松是梁山好汉中唯二的真英雄之一，醉酒大虎早已成为旷世美谈，醉打蒋门神，大闹飞云浦，武松之名，天下皆知。</font></p><p><font face=\"楷体\">　　第五：鲁智深</font></p><p><font face=\"楷体\">　　花和尚鲁智深是梁山好汉中唯二的真英雄之一，拳打镇关西，倒拔垂杨柳，占据二龙山，威风凛凛，宛如天神。</font></p><p><font face=\"楷体\">　　<img src=\"https://nimg.ws.126.net/?url=http%3A%2F%2Fdingyue.ws.126.net%2Fa3KbXXgblPL5XA3e4gVLjN16gxywvbLHyh95x1mKp0uaS1527987560841compressflag.jpg&amp;thumbnail=650x2147483647&amp;quality=80&amp;type=jpg\"/><br/></font></p><p><font face=\"楷体\">　　水浒传</font></p><p><font face=\"楷体\">　　第四：呼延灼</font></p><p><font face=\"楷体\">　　双鞭呼延灼是河东名将呼延赞嫡派子孙，名将之后，家传武艺甚是高强，曾击败名将荆忠，兀颜延寿等，毫不费力。</font></p><p><font face=\"楷体\">　　第三：豹子头林冲</font></p><p><font face=\"楷体\">　　林冲曾是八十万禁军总教头，一生未尝败绩。林家枪法天下闻名，武艺精湛，遇强则强，曾棒打洪教头，朴刀斗杨志，是个英雄。</font></p><p><font face=\"楷体\">　　第二：大刀关胜</font></p><p><font face=\"楷体\">　　大刀关胜是汉末关云长的后代，有万夫不当之勇，使得一口青龙偃月刀，威风凛凛，相貌堂堂，大战林冲、秦明二人毫无惧色，阵战也从无败绩。大刀关胜曾轻松打败索超，后和花荣等人合力击杀辽国大将兀颜光，也是征方腊为数不多存活下来的将领。</font></p><p><font face=\"楷体\">　　第一：玉麒麟卢俊义</font></p><p><font face=\"楷体\">　　卢俊义是梁山好汉中武艺最高的，这点一般是公认的，身为河北三绝，棍棒天下无双，正面打斗从无败绩，轻松生擒武艺超群的史文恭，史文恭武艺超群，武力值远胜梁山五虎将之一的秦明。卢俊义常常以一敌众也未败绩，玉麒麟卢俊义排满第一，无人不服。</font></p>', '施耐庵', 5, '浪漫', 1, '《水浒传》是元末明初施耐庵（现存刊本署名大多有施耐庵、罗贯中两人中的一人，或两人皆有）编著的章回体长篇小说。', '2021-04-24 15:35:00', '2021-04-24 15:35:00', 5, 0, NULL);
INSERT INTO `lt_work` VALUES (23, '三国演义', '<blockquote><p><i></i>中国的四大名著中要说影响最为深远的，首推《三国演义》。无论是历史上还是现实中，它的许多人物和故事，在中华大地上广为流传。当代文化的诸多方面都能找到三国的影子。《三国演义》取材于三国历史，但历史在小说中只不过是一个框架，一个时空断限。<br/></p></blockquote><p>中国的四大名著中要说影响最为深远的，首推《三国演义》。无论是历史上还是现实中，它的许多人物和故事，在中华大地上广为流传。当代文化的诸多方面都能找到三国的影子。比如三国的影视剧、游戏、漫画、改编的故事以及形形色色的民俗。<br/></p><p>《三国演义》取材于三国历史，但历史在小说中只不过是一个框架，一个时空断限。至于里面的人物被重新塑造，事件已被重新安排。它不再像历史典籍那样去真实地记录历史，而是根据作者的创作意图和喜好去虚构历史，把作者对历史人物的爱僧、对历史规律的把握和对历史精神的阐释全都融合到一起，《三国演义》中的史实经过、典章制度、生活习俗、人物功过、人物性格、官制、礼仪、时间、地域等或是不准确，或是弄错，或是有意虚构，或是过分渲染，因而似真非真。</p><p>演义毕竟是演义，如果完全按照历史书来写小说，那么也就没有历史小说这个事物了。</p><p>有人说，《水浒》是七分杜撰三分真，而三国却是七分真来三分假，但是我们如果真的对照着历史来看小说，这七分真实却要大打折扣。我们可以举出一些例子来说明。</p><h2><b>关羽</b><b></b></h2><p><b>《三因志》中对关羽的记载很简单</b>，历史上的关羽为“万人之敌”一虎将，傲上而不悔下，恩怨分明，以信义著称，但“刚而自矜”，勇猛有余，智略不足。</p><p><img src=\"https://gss0.baidu.com/7Po3dSag_xI4khGko9WTAnF6hhy/zhidao/pic/item/ac4bd11373f082025db77f5246fbfbedab641bb1.jpg\" style=\"max-width:100%;\"/><br/></p><p>马超投降刘备后，封为平西将军。时关羽督荆州，修书与诸葛亮，“问超人才可谁比类”，诸葛亮答信时，称马超虽为一世之杰，但不如关羽的“绝伦逸群”，关羽“省书大悦，以示宾客”。<b>这是典型的有勇少谋的武将性格。</b></p><p>但在《三国演义》中，作者是不惜笔墨，把关羽刻画成<b>“义重如山之人”，</b>当然这跟作者所处的时代有关系，关羽经过历代王朝的推崇和加封，已经成为神、关圣帝君，再加上三国演义明显得尊刘抑操的基调，关羽的形象也被塑造成为两个完人之一(另外一个是诸葛亮)。</p><p><b>桃园三结义：</b>《三国志》上没有关于刘备、关羽、张飞三人结义的记载，只是说他们恩若兄弟，而且关羽年龄要比刘备大。</p><p>关羽的儿子关平是关羽的亲生长子而非义子;关兴是文官，年轻的时候就死了；关索乃虚构人物；关羽还有一女，相传叫银屏，嫁与李恢之子。顺便说一下张苞，他还未成年就天折了。</p><p><b>青龙偃月刀、赤兔马和周仓：</b>历史上关羽的兵刃是长矛，其实日布的兵刃也是长矛，张飞的兵刃并非丈八蛇矛，而是一般的矛。</p><p>当然青龙便月刀和丈八蛇矛、方天画戟这样有个性的兵器对于塑造人物来说是很有好处的。赤兔马确为吕布所骑，但吕布战败后，不知去向。<b>周仓在《三国志》中没有记载，而且也有很多和《三国演义》记载不相符的野史，似乎是个虚构的人物。</b></p><p><b>三英战吕布：</b>公孙瓒没有参加讨董联盟，所以刘、关、张三也未曾参加，也就不会有虎牢关三英战吕布。</p><p><b>温酒斩华雄：</b>此乃江东猛虎孙坚所为。</p><p><b>斩颜良，诛文丑：</b>新颜良确有其事，诛文丑的却是曹操所为。</p><p><b>徐州诛车胃、古城斩蔡阳：</b>此乃刘备所为。</p><p><b>土山约三事：</b>那次战役关羽是战败被擒，并非有“土山约三事”如此堂皇之事。</p><p><b>千里走单骑，过五关、新六将：</b>关羽离开曹操后，直接从许昌南下往汝南投奔刘备，并未发生过五关、新六将之事。</p><p><b>华容道关羽义释曹操：</b>这是作者为丑化曹操，树立关羽的高大形象而虚构的。在华容道拦截曹操的是刘备，但是他去晚了，所以让曹操跑掉了。</p><p><b>战长沙：</b>刘备南征荆南四郡，四郡守望风而降，黄忠便随长沙太守韩玄同降，并未发生战斗。</p><p><b>水淹七军：</b>此事件虽有所本，但与史实相差很远。此乃天灾人祸，非人谋。《三国志》中的《关羽传》和《于禁传》都写得很清楚：时值秋天，大雨连绵，汉水暴涨，平地水高五六丈，关羽所带的荆州水军适应这种天气，而于禁、庞德带的是北方军，不适应水战，被洪水冲没，于禁投降，庞德被杀。<b>在《三国演义》中却成了关羽料定秋围季节必有大水，先堵住低湿地带，自居高处，然后放水淹七军”。</b></p><p><b>单刀赴会：</b>本末倒置、历史上实乃鲁肃单刀会关羽，单刀”乃军士之佩刀。</p><p><b>刮骨疗伤：</b>此时华佗已经死了两年，因此并非华佗所为，似平只是一般的军医所为。</p><p><b>麦城凛然拒降：</b>孙权使人劝降，关羽诈降，在城头虚插旌旗，从别门撤退，被吕蒙算到，半路截杀之。</p><p><b>关公与女色：</b>曹公与刘备围吕布与于下邳，关羽启公，布使秦宜禄行求救，乞要其妻，公许之。临破，又屡启公。公疑有异色，先遣迎看，因自留之，羽心不自安。如此看来，关圣大帝也有七情六欲；<b>关于超蝉，正史上没有记载。</b>《三国演义》在吕布死了以后，也未对绍蝉作交代。关公月下斩绍蝉，大多史学家认为是虚构。如果是直事，关羽也太不配做男人了。</p><p>至于追命吕蒙，玉泉显圣等，不用说也知道是子虚乌有，不多说。</p>', '罗贯中', 5, '浪漫', 1, '《三国演义》是中国文学史上第一部章回小说，是历史演义小说的开山之作，也是第一部文人长篇小说。', '2021-04-24 15:40:05', '2021-04-24 15:40:05', 3, 0, NULL);
INSERT INTO `lt_work` VALUES (24, '红楼梦', '<p><font size=\"4\" face=\"楷体\">《红楼梦》开篇以神话形式介绍作品的由来，说<a target=\"_blank\" href=\"https://baike.baidu.com/item/%E5%A5%B3%E5%A8%B2%E8%A1%A5%E5%A4%A9/230\" style=\"\">女娲补天</a>之石剩一块未用，弃在大荒山无稽崖青埂峰下。<a target=\"_blank\" href=\"https://baike.baidu.com/item/%E8%8C%AB%E8%8C%AB%E5%A4%A7%E5%A3%AB/581212\" style=\"\">茫茫大士</a>、<a target=\"_blank\" href=\"https://baike.baidu.com/item/%E6%B8%BA%E6%B8%BA%E7%9C%9F%E4%BA%BA/581507\" style=\"\">渺渺真人</a>经过该地，施法使其有了灵性，携带下凡。不知过了几世几劫，<a target=\"_blank\" href=\"https://baike.baidu.com/item/%E7%A9%BA%E7%A9%BA%E9%81%93%E4%BA%BA\" style=\"\">空空道人</a>路过，见石上刻录了一段故事，便受石之托，抄写下来传世。辗转传到曹雪芹手中，经他批阅十载、增删五次而成书。</font></p><p><font size=\"4\" face=\"楷体\">书中故事起于<a target=\"_blank\" href=\"https://baike.baidu.com/item/%E7%94%84%E5%A3%AB%E9%9A%90/8297212\">甄士隐</a>。元宵之夜，甄士隐的女儿<a target=\"_blank\" href=\"https://baike.baidu.com/item/%E7%94%84%E8%8B%B1%E8%8E%B2/7910875\">甄英莲</a>被拐走；不久葫芦庙失火，甄家被烧毁。甄带妻子投奔岳父，岳父卑鄙贪财，甄士隐贫病交攻，走投无路；后遇一跛足道人，听其《<a target=\"_blank\" href=\"https://baike.baidu.com/item/%E5%A5%BD%E4%BA%86%E6%AD%8C/2955678\">好了歌</a>》后，为《好了歌》作解注。经道人指点，甄士隐醒悟随道人出家。</font></p><p><font size=\"4\" face=\"楷体\"><a target=\"_blank\" href=\"https://baike.baidu.com/item/%E8%B4%BE%E9%9B%A8%E6%9D%91/1527317\">贾雨村</a>到盐政<a target=\"_blank\" href=\"https://baike.baidu.com/item/%E6%9E%97%E5%A6%82%E6%B5%B7/6518791\">林如海</a>家教其独女林黛玉读书。林如海的岳母<a target=\"_blank\" href=\"https://baike.baidu.com/item/%E8%B4%BE%E6%AF%8D/6518736\">贾母</a>因黛玉丧母，要接黛玉到自己身边。黛玉进<a target=\"_blank\" href=\"https://baike.baidu.com/item/%E8%8D%A3%E5%9B%BD%E5%BA%9C/20590717\">荣国府</a>，除外祖母外，还见了大舅母即<a target=\"_blank\" href=\"https://baike.baidu.com/item/%E8%B4%BE%E8%B5%A6/6509092\">贾赦</a>之妻<a target=\"_blank\" href=\"https://baike.baidu.com/item/%E9%82%A2%E5%A4%AB%E4%BA%BA/6510161\">邢夫人</a>，二舅母即<a target=\"_blank\" href=\"https://baike.baidu.com/item/%E8%B4%BE%E6%94%BF/6510831\">贾政</a>之妻<a target=\"_blank\" href=\"https://baike.baidu.com/item/%E7%8E%8B%E5%A4%AB%E4%BA%BA/9103\">王夫人</a>，年轻而管理家政的王夫人侄女、贾赦儿子<a target=\"_blank\" href=\"https://baike.baidu.com/item/%E8%B4%BE%E7%90%8F/14950\">贾琏</a>之妻<a target=\"_blank\" href=\"https://baike.baidu.com/item/%E7%8E%8B%E7%86%99%E5%87%A4/2466327\">王熙凤</a>（凤姐），以及<a target=\"_blank\" href=\"https://baike.baidu.com/item/%E8%B4%BE%E8%BF%8E%E6%98%A5/977138\">贾迎春</a>、<a target=\"_blank\" href=\"https://baike.baidu.com/item/%E8%B4%BE%E6%8E%A2%E6%98%A5/2113835\">贾探春</a>、<a target=\"_blank\" href=\"https://baike.baidu.com/item/%E8%B4%BE%E6%83%9C%E6%98%A5/5184424\">贾惜春</a>和衔玉而生的贾宝玉。宝黛二人初见有似曾相识之感，宝玉因见表妹没有玉，认为玉不识人，便砸自己的通灵宝玉，惹起一场不快。</font></p><p><font size=\"4\" face=\"楷体\">贾雨村在应天府审案时，发现甄英莲被拐卖。<a target=\"_blank\" href=\"https://baike.baidu.com/item/%E8%96%9B%E8%9F%A0/6518096\">薛蟠</a>与母亲、妹妹薛宝钗一同到京都荣国府住下。宁国府梅花盛开，贾珍妻<a target=\"_blank\" href=\"https://baike.baidu.com/item/%E5%B0%A4%E6%B0%8F/3777083\">尤氏</a>请贾母等赏玩。</font></p><p><font size=\"4\" face=\"楷体\">贾宝玉睡午觉，住在<a target=\"_blank\" href=\"https://baike.baidu.com/item/%E8%B4%BE%E7%8F%8D/6508814\">贾珍</a>儿媳<a target=\"_blank\" href=\"https://baike.baidu.com/item/%E7%A7%A6%E5%8F%AF%E5%8D%BF/2474446\">秦可卿</a>卧室，梦游<a target=\"_blank\" href=\"https://baike.baidu.com/item/%E5%A4%AA%E8%99%9A%E5%B9%BB%E5%A2%83/589966\">太虚幻境</a>，见“<a target=\"_blank\" href=\"https://baike.baidu.com/item/%E9%87%91%E9%99%B5%E5%8D%81%E4%BA%8C%E9%92%97/15088119\">金陵十二钗</a>”图册，听演《<a target=\"_blank\" href=\"https://baike.baidu.com/item/%E7%BA%A2%E6%A5%BC%E6%A2%A6%E6%9B%B2/8602713\">红楼梦曲</a>》，与仙女可卿云雨，醒来后因梦遗被丫环<a target=\"_blank\" href=\"https://baike.baidu.com/item/%E8%A2%AD%E4%BA%BA/2474111\">袭人</a>发现，二人发生关系。</font></p><p><font size=\"4\" face=\"楷体\">沦落乡间务农的京官后代<a target=\"_blank\" href=\"https://baike.baidu.com/item/%E7%8E%8B%E7%8B%97%E5%84%BF/763848\">王狗儿</a>让岳母<a target=\"_blank\" href=\"https://baike.baidu.com/item/%E5%88%98%E5%A7%A5%E5%A7%A5/2334146\">刘姥姥</a>到荣国府找王夫人打秋风。凤姐给了二十两银子。宝钗曾得癞头和尚赠金锁治病，后一直佩戴。黛玉忌讳“金玉良缘”之说，常暗暗讥讽宝钗、警示宝玉。</font></p><p><font size=\"4\" face=\"楷体\">贾珍之父<a target=\"_blank\" href=\"https://baike.baidu.com/item/%E8%B4%BE%E6%95%AC/6508907\">贾敬</a>放弃世职求仙学道，贾珍在家设宴为其庆生。林如海得病，贾琏带黛玉去姑苏，其族弟<a target=\"_blank\" href=\"https://baike.baidu.com/item/%E8%B4%BE%E7%91%9E/65734\">贾瑞</a>调戏凤姐，被凤姐百般捉弄而死。秦可卿病死。</font></p><p><font size=\"4\" face=\"楷体\">贾政长女<a target=\"_blank\" href=\"https://baike.baidu.com/item/%E8%B4%BE%E5%85%83%E6%98%A5/374750\">贾元春</a>加封贤德妃，皇帝恩准省亲。荣国府为了迎接这大典，修建极尽奢华的<a target=\"_blank\" href=\"https://baike.baidu.com/item/%E5%A4%A7%E8%A7%82%E5%9B%AD/19784144\">大观园</a>，又采办女伶、女尼、女道士，出身世家、因病入空门的<a target=\"_blank\" href=\"https://baike.baidu.com/item/%E5%A6%99%E7%8E%89/1564864\">妙玉</a>也进荣府。</font></p><p><font size=\"4\" face=\"楷体\">元宵夜，元春回娘家待了一会儿，要宝玉和众姐妹献诗。宝玉和黛玉两小无猜，情意绵绵。书童<a target=\"_blank\" href=\"https://baike.baidu.com/item/%E8%8C%97%E7%83%9F/6521993\">茗烟</a>将《<a target=\"_blank\" href=\"https://baike.baidu.com/item/%E8%A5%BF%E5%8E%A2%E8%AE%B0/4971\">西厢记</a>》等书偷进园给宝玉，宝玉和黛玉一同欣赏。宝玉庶弟<a target=\"_blank\" href=\"https://baike.baidu.com/item/%E8%B4%BE%E7%8E%AF/6522179\">贾环</a>嫉妒宝玉，抄写经书时装失手弄倒蜡烛烫伤宝玉，王夫人因此大骂<a target=\"_blank\" href=\"https://baike.baidu.com/item/%E8%B5%B5%E5%A7%A8%E5%A8%98/6522047\">赵姨娘</a>。赵姨娘又深恨凤姐，便请马道婆施魔法，让凤姐、宝玉中邪。癞和尚、跛道人擦拭通灵玉，救好二人。</font></p><p><font size=\"4\" face=\"楷体\">黛玉性格忧郁，暮春时节伤心落花，将它们埋葬，称为“花冢”，并作《<a target=\"_blank\" href=\"https://baike.baidu.com/item/%E8%91%AC%E8%8A%B1%E5%90%9F/1408804\">葬花吟</a>》。恰巧宝玉路过听到，深喜知心。王夫人丫环<a target=\"_blank\" href=\"https://baike.baidu.com/item/%E9%87%91%E9%92%8F/936433\">金钏</a>与宝玉调笑，被王夫人赶出投井而死。宝玉结交<a target=\"_blank\" href=\"https://baike.baidu.com/item/%E7%90%AA%E5%AE%98/7910913\">琪官</a>，贾政大怒，将其打得半死。袭人向王夫人进言，深得王夫人欢心，被王夫人看作心腹，并决定将来袭人给宝玉做妾。</font></p><p><font size=\"4\" face=\"楷体\">大观园中无所事事，探春倡导成立诗社，并各人起了名号。第一次咏白海棠，蘅芜君薛宝钗夺魁；第二次作菊花诗，潇湘妃子林黛玉压倒众人。</font></p><p style=\"text-align:left;\"><img src=\"https://gss0.baidu.com/-vo3dSag_xI4khGko9WTAnF6hhy/zhidao/pic/item/b3fb43166d224f4aed3f198704f790529922d184.jpg\" style=\"max-width: 100%;\" width=\"386\" height=\"312.22\"/><font size=\"4\" face=\"楷体\">林黛玉和贾宝玉</font></p><p><font size=\"4\" face=\"楷体\">刘姥姥二进荣国府，贾母在大观园摆宴，把她作女清客取笑，刘姥姥便以此逗贾母开心。贾母又带刘姥姥游大观园各处。在栊翠庵，妙玉招待黛玉、宝钗饮茶，宝玉也得沾光。由于行酒令黛玉引了几句《西厢》曲文，被宝钗察觉，并劝解她，二人关系好转。黛玉模仿《<a target=\"_blank\" href=\"https://baike.baidu.com/item/%E6%98%A5%E6%B1%9F%E8%8A%B1%E6%9C%88%E5%A4%9C/1701\">春江花月夜</a>》写出《<a target=\"_blank\" href=\"https://baike.baidu.com/item/%E7%A7%8B%E7%AA%97%E9%A3%8E%E9%9B%A8%E5%A4%95/8603422\">秋窗风雨夕</a>》，抒发自己的哀愁。</font></p><p><font size=\"4\" face=\"楷体\">贾赦垂涎贾母丫环<a target=\"_blank\" href=\"https://baike.baidu.com/item/%E9%B8%B3%E9%B8%AF/10203913\">鸳鸯</a>，让邢夫人找贾母。鸳鸯不肯，贾母也不愿意，斥责邢夫人。贾赦母子关系更加不好。</font></p><p><font size=\"4\" face=\"楷体\">薛蟠在一次宴席上调戏<a target=\"_blank\" href=\"https://baike.baidu.com/item/%E6%9F%B3%E6%B9%98%E8%8E%B2/6525357\">柳湘莲</a>，被柳毒打，柳怕报复逃往他乡，薛蟠无脸也外出经商。其妾<a target=\"_blank\" href=\"https://baike.baidu.com/item/%E9%A6%99%E8%8F%B1/725753\">香菱</a>（即英莲）到大观园学诗。<a target=\"_blank\" href=\"https://baike.baidu.com/item/%E8%96%9B%E5%AE%9D%E7%90%B4/6518156\">薛宝琴</a>、<a target=\"_blank\" href=\"https://baike.baidu.com/item/%E6%9D%8E%E7%BB%AE/1711676\">李绮</a>、<a target=\"_blank\" href=\"https://baike.baidu.com/item/%E6%9D%8E%E7%BA%B9/645910\">李纹</a>等几家亲戚的姑娘来到，大观园中作诗、制灯谜，空前欢乐热闹。</font></p><p><font size=\"4\" face=\"楷体\">袭人因母病回家，<a target=\"_blank\" href=\"https://baike.baidu.com/item/%E6%99%B4%E9%9B%AF/1138336\">晴雯</a>夜里受寒伤风发高烧。贾母给宝玉一件孔雀毛织的雀金裘，不慎烧个洞，街上裁缝不能修补。宝玉要为舅舅庆寿，晴雯带重病连夜补好。贾府戏班解散，芳官成为宝玉丫鬟，宝玉为其庆生，众姊妹抽花签行酒令，黛玉为芙蓉花，宝钗为牡丹花。贾敬吞丹丧命。</font></p><p><font size=\"4\" face=\"楷体\">尤氏因丧事繁忙，请母亲和妹妹<a target=\"_blank\" href=\"https://baike.baidu.com/item/%E5%B0%A4%E4%BA%8C%E5%A7%90/6510325\">尤二姐</a>、<a target=\"_blank\" href=\"https://baike.baidu.com/item/%E5%B0%A4%E4%B8%89%E5%A7%90/65515\">尤三姐</a>来帮忙。贾琏见二姐貌美，要作二房，偷居府外。二姐和贾珍原有不清白，贾琏知道贾珍想把三姐玩弄，尤三姐将珍、琏大骂，三姐意中人为<a target=\"_blank\" href=\"https://baike.baidu.com/item/%E6%9F%B3%E6%B9%98%E8%8E%B2/6525357\">柳湘莲</a>，贾琏外出办事，路遇薛蟠、柳湘莲。贾琏为柳提媒，柳答应。到京城后，柳先向三姐之母交订礼，遇宝玉闲谈尤氏一家而起疑，又去索礼退婚，尤三姐自刎，柳湘莲出家。</font></p><p><font size=\"4\" face=\"楷体\">凤姐知道贾琏偷娶尤二姐之事，便将计就计装贤惠，将尤二姐接进府。请贾母等应允。贾琏回来，因办事好，贾赦又赏一妾。凤姐借妾手逼得尤二姐吞金自杀。</font></p><p><font size=\"4\" face=\"楷体\">黛玉做桃花诗，众人议重开诗社，改海棠社为桃花社。<a target=\"_blank\" href=\"https://baike.baidu.com/item/%E5%8F%B2%E6%B9%98%E4%BA%91/339020\">史湘云</a>填柳絮词，黛玉邀众填柳絮词。众人放风筝，欲放走晦气，黛玉风筝线断，众人齐将风筝放飞。</font></p><p><font size=\"4\" face=\"楷体\">傻大姐在园中拾到一个绣有春宫画的香囊，王夫人大怒，在王善保家的撺掇下抄检大观园。探春悲愤，认为抄家是不祥之兆。后又因<a target=\"_blank\" href=\"https://baike.baidu.com/item/%E7%8E%8B%E5%96%84%E4%BF%9D%E5%AE%B6%E7%9A%84/6517095\">王善保家的</a>掀她衣服，大怒并扇王善保家的一耳光。</font></p><p><font size=\"4\" face=\"楷体\">贾府中秋开夜宴，贾母邀大家一起到凸碧山庄赏月，众人击鼓吃酒。黛玉见贾府中许多人赏月，贾母犹叹人少，不似当年热闹，不觉对景感怀。湘云过来陪她，二人来到凹晶溪馆联诗，湘云联寒塘渡鹤影，黛玉对冷月葬花魂，湘云赞黛玉诗句新奇，妙玉听见亦夸赞，将刚二人的诗誊写出来并结了尾。</font></p><p><font size=\"4\" face=\"楷体\">晴雯被王夫人以勾引宝玉为由，被撵抱恨而死。贾宝玉无可奈何，听小丫头说晴雯当了芙蓉花神后写《<a target=\"_blank\" href=\"https://baike.baidu.com/item/%E8%8A%99%E8%93%89%E5%A5%B3%E5%84%BF%E8%AF%94/206035\">芙蓉女儿诔</a>》祭她，后竟成黛玉谶语。薛蟠娶妻<a target=\"_blank\" href=\"https://baike.baidu.com/item/%E5%A4%8F%E9%87%91%E6%A1%82/6518191\">夏金桂</a>后，在夏挑唆下，薛毒打香菱，薛姨妈不准，夏金桂和婆婆吵闹。薛蟠无法在家，只得外出。</font></p><p><font size=\"4\" face=\"楷体\">迎春出嫁，宝玉心中伤感。贾政逼宝玉上课。袭人来潇湘馆探口风，婆子说了些造次之话，黛玉甚觉刺心，惊噩梦染上重病。元妃身体欠安，贾母、贾政等前往宫内探视。贾宝玉、妙玉走近潇湘馆，听得黛玉抚琴悲秋之音，后琴弦崩断，宝玉疑惑，妙玉从中预感到黛玉“断弦”的命运。宝玉见晴雯补过的雀金裘，心中悲伤并祭奠她。</font></p><p><font size=\"4\" face=\"楷体\">红楼梦《枉凝眉》</font><img src=\"https://gss0.baidu.com/-4o3dSag_xI4khGko9WTAnF6hhy/zhidao/pic/item/c2fdfc039245d6885033ba4ea9c27d1ed21b2422.jpg\" style=\"max-width: 100%;\" width=\"434\" height=\"289.32\"/></p><p><font size=\"4\" face=\"楷体\">黛玉听到宝玉订亲的消息，千愁万感，把身子一天天糟蹋起来，杯弓蛇影，一日竟至绝粒。侍书与雪雁说宝玉亲事未定，老太太要亲上作亲，黛玉听了病情转好。贾母知黛玉心事，主张娶钗嫁黛，王夫人、凤姐附和。</font></p><p><font size=\"4\" face=\"楷体\">金桂暗恋<a target=\"_blank\" href=\"https://baike.baidu.com/item/%E8%96%9B%E8%9D%8C/6518136\">薛蝌</a>，与宝蟾借送酒戏之。贾政、王夫人商量娶宝钗的事，宝玉来到潇湘馆，黛玉与其参禅。怡红院海棠冬天开放，贾母办酒席赏花。宝玉丢玉，全家忙乱，请妙玉扶乩。</font></p><p><font size=\"4\" face=\"楷体\">元妃薨逝，贾家悬赏寻玉。宝玉变疯傻，老太太要给宝玉冲喜，凤姐献掉包计。黛玉从傻大姐那里得知宝玉娶亲后迷失本性，黛玉咳血病重，焚烧诗稿。宝玉、宝钗成亲。宝玉欲死，宝钗说黛玉已死，宝玉昏死做噩梦。贾府人去潇湘馆哭黛玉。</font></p><p><font size=\"4\" face=\"楷体\">贾母祷天宽宥儿孙。主上宣旨革去贾赦、贾珍世职，发配边疆，贾政袭贾赦的世职。雨村落井下石，包勇醉骂雨村。王夫人将家事交凤姐办理。贾母拿出银两给宝钗过生日，宝玉中途退席经潇湘馆闻鬼哭。宝玉梦黛玉而不得，错把<a target=\"_blank\" href=\"https://baike.baidu.com/item/%E6%9F%B3%E4%BA%94%E5%84%BF/6521747\">柳五儿</a>当作晴雯。</font></p><p><font size=\"4\" face=\"楷体\">贾母病重。迎春被<a target=\"_blank\" href=\"https://baike.baidu.com/item/%E5%AD%99%E7%BB%8D%E7%A5%96/979467\">孙绍祖</a>折磨致死，史湘云丈夫得了暴病。贾母寿寝，凤姐办理丧事，可办事力诎，失去人心。鸳鸯自尽殉主。何三引贼盗来贾府，妙玉为贼所抢不知所终。赵姨娘中邪被折磨死。刘姥姥哭贾母，凤姐欲将<a target=\"_blank\" href=\"https://baike.baidu.com/item/%E5%B7%A7%E5%A7%90/10782518\">巧姐</a>托付给她。宝玉找<a target=\"_blank\" href=\"https://baike.baidu.com/item/%E7%B4%AB%E9%B9%83/1408600\">紫鹃</a>表白心思。凤姐死，王仁混闹给凤姐大办丧事，平儿帮贾琏筹钱。甄应嘉进京拜会贾政。贾宝玉与甄宝玉貌象而异，宝玉斥之禄蠹。</font></p><p><font size=\"4\" face=\"楷体\">宝玉病重，和尚送来通灵宝玉，宝玉死而复生。宝玉二历幻境，看淡儿女情长。贾琏看望贾赦，将女儿托于王夫人。惜春出家修行，紫鹃陪伴。宝钗劝勉宝玉，与之辩论赤子之心。贾政回京行至毗陵，雪中见宝玉随僧道而去。香菱难产而死，袭人嫁<a target=\"_blank\" href=\"https://baike.baidu.com/item/%E8%92%8B%E7%8E%89%E8%8F%A1/2295\" style=\"\">蒋玉菡</a>。贾雨村遇甄士隐，归结红楼梦。<sup style=\"\">&nbsp;[2]</sup><a style=\"\">&nbsp;</a></font></p>', '曹雪芹', 5, '浪漫', 1, '描绘了一批举止见识出于须眉之上的闺阁佳人的人生百态，展现了真正的人性美和悲剧美', '2021-04-24 15:48:55', '2021-04-24 15:49:23', 2, 0, NULL);
INSERT INTO `lt_work` VALUES (25, 'Apple发布会', '<section style=\"text-align:center;\"><p><a href=\"https://www.apple.com.cn/cn/shop/goto/shop\" target=\"_self\">在线选购</a>，享受免费送货、Specialist 专家支持、免息分期等服务。</p></section><section style=\"text-align:center;\"><p><a href=\"https://www.apple.com.cn/imac-24/\" target=\"_self\">&nbsp;</a></p><h2>iMac</h2><h3>新开篇</h3><p>4 月 30 日接受订购&nbsp;|&nbsp;5 月中下旬发售</p><p><a href=\"https://www.apple.com.cn/imac-24/\" target=\"_self\">进一步了解</a>&nbsp;<a href=\"https://www.apple.com.cn/cn/shop/goto/imac\" target=\"_self\">查看价格</a></p><figure></figure><p><a href=\"https://www.apple.com.cn/iphone-12/\" target=\"_self\">&nbsp;</a></p><h2>iPhone 12</h2><h3>紫色，当季上新。</h3><p>RMB 229/月或 RMB 5499 起，还可折抵换购<sup><a href=\"https://www.apple.com.cn/?afid=p238%7CXemD0wXm_mtid_18707vxu38484&amp;cid=aos-cn-kwha-brand#footnote-1\">1</a></sup>。</p><p>紫色于 4 月 30 日发售</p><p><a href=\"https://www.apple.com.cn/iphone-12/\" target=\"_self\">进一步了解</a>&nbsp;<a href=\"https://www.apple.com.cn/cn/shop/goto/buy_iphone/iphone_12\" target=\"_self\">选购</a></p><p><img src=\"https://p3-tt.byteimg.com/origin/pgc-image/61f37e51192d4cf28dccb968c8ea1445\" style=\"max-width:100%;\" width=\"30%\"/><br/></p><figure></figure><p><a href=\"https://www.apple.com.cn/iphone-12-pro/\" target=\"_self\">&nbsp;</a></p><h2>iPhone 12 Pro</h2><h3>自我再飞跃。</h3><p>RMB 354/月或 RMB 8499 起，<br/>还可折抵换购<sup><a href=\"https://www.apple.com.cn/?afid=p238%7CXemD0wXm_mtid_18707vxu38484&amp;cid=aos-cn-kwha-brand#footnote-1\">1</a></sup>。</p><p><a href=\"https://www.apple.com.cn/iphone-12-pro/\" target=\"_self\">进一步了解</a>&nbsp;<a href=\"https://www.apple.com.cn/cn/shop/goto/buy_iphone/iphone_12_pro\" target=\"_self\">购买</a></p><figure></figure></section><section style=\"text-align:center;\"><p><a href=\"https://www.apple.com.cn/ipad-pro/\" target=\"_self\">&nbsp;</a><img src=\"http://i6.hexun.com/2020-10-14/202222565.jpg\" style=\"max-width: 100%;\" width=\"30%\"/></p><h4>iPad Pro</h4><h5>由 Apple M1 芯片强势驱动</h5><p>4 月 30 日接受订购&nbsp;|&nbsp;5 月中下旬发售</p><p><a href=\"https://www.apple.com.cn/ipad-pro/\" target=\"_self\">进一步了解</a>&nbsp;<a href=\"https://www.apple.com.cn/cn/shop/goto/ipad_pro/select\" target=\"_self\">查看价格</a></p><figure></figure><p><a href=\"https://www.apple.com.cn/apple-watch-series-6/\" target=\"_self\">&nbsp;</a></p><h4>Apple Watch Series 6</h4><h5>健康的未来，现在戴上。</h5><p><a href=\"https://www.apple.com.cn/apple-watch-series-6/\" target=\"_self\">进一步了解</a>&nbsp;<a href=\"https://www.apple.com.cn/cn/shop/goto/apple_watch\" target=\"_self\">购买</a></p><figure></figure><p><a href=\"https://www.apple.com.cn/watch/\" target=\"_self\">&nbsp;</a><img src=\"https://photos5.appleinsider.com/gallery/37653-70920-Apple-Watch-Series-6-Blue-xl.jpg\" style=\"max-width: 100%;\" width=\"50%\"/></p><h4>让妈妈的节日，<br/>光彩照人。</h4><p><a href=\"https://www.apple.com.cn/watch/\" target=\"_self\">选购 Apple Watch</a>&nbsp;<a href=\"https://www.apple.com.cn/cn/shop/goto/accessories/gifts\" target=\"_self\">母亲节好礼在这里</a></p><figure></figure><p><a href=\"https://www.apple.com.cn/environment/\" target=\"_self\">&nbsp;</a></p><h4>Apple 全盘布局</h4><h5>地球不能等，我们不会等。</h5><p><a href=\"https://www.apple.com.cn/environment/\" target=\"_self\">进一步了解</a></p><figure></figure><p><a href=\"https://www.apple.com.cn/airtag/\" target=\"_self\">&nbsp;</a></p><h4>AirTag</h4><h5>丢三落四这门绝技，要失传了。</h5><p>4 月 30 日发售</p><p><a href=\"https://www.apple.com.cn/airtag/\" target=\"_self\">进一步了解</a>&nbsp;<a href=\"https://www.apple.com.cn/cn/shop/goto/buy_airtag/airtag\" target=\"_self\">订购</a></p><figure></figure><p><a href=\"https://www.apple.com.cn/105/media/cn/home/2021/aaa58a5e-9e23-4d0a-9fa6-94ed312c1710/films/jump/airpods-pro-jump-tpl-cn-2021_1280x720h.mp4\" target=\"_self\">&nbsp;</a><img src=\"https://www.apple.com/v/airpods-pro/a/images/meta/og__ch3csr9zmviq_overview.png?201910271847\" style=\"max-width: 100%;\" width=\"50%\"/></p><h4>Apple AirPods&nbsp;Pro</h4><h5>具备主动降噪功能</h5><p><a href=\"https://www.apple.com.cn/105/media/cn/home/2021/aaa58a5e-9e23-4d0a-9fa6-94ed312c1710/films/jump/airpods-pro-jump-tpl-cn-2021_1280x720h.mp4\" target=\"_self\">观看影片</a>&nbsp;<a href=\"https://www.apple.com.cn/cn/shop/goto/product/MWP22\" target=\"_self\">购买</a></p></section>', 'apple官方', 5, '现代', 1, 'Apple Store is a chain of retail stores owned and operated by Apple Inc. ', '2021-04-24 15:56:54', '2021-04-24 15:58:06', 4, 0, NULL);
INSERT INTO `lt_work` VALUES (26, '旅行是一种病', '<p style=\"text-align:center;\"><img src=\"https://pic1.zhimg.com/718096efb27b090b367e391e71bb44ea_1440w.jpg?source=172ae18b\" alt=\"旅行是一种病\"/><br/></p><blockquote style=\"text-align:center;\"><p>“当你决定出发时，旅行最困难的部分已经完成了。”Lonely Planet创始人托尼·惠勒的名言被广为传颂。然而对于有些人来说，最困难的部分是决定回来，他们是旅行强迫症患者。</p></blockquote><p data-we-empty-p=\"\" style=\"text-align:center;\"><br/></p><p data-we-empty-p=\"\" style=\"text-align:center;\"><br/></p><p style=\"text-align:center;\">泡旅游论坛看游记，把旅行指南书摆满书架的一层，精心整理上一次出游的照片和日记，憧憬着下一次旅行。这是轻度患者。</p><p data-we-empty-p=\"\" style=\"text-align:center;\"><br/></p><p style=\"text-align:center;\">密切关注各大航空公司、尤其是廉价航空公司的促销信息，每逢大促，必定调好闹钟准时守候在电脑前摩拳擦掌抢机票，买机票像买白菜一样果断利落。这是轻中度患者。</p><p data-we-empty-p=\"\" style=\"text-align:center;\"><br/></p><p style=\"text-align:center;\">明明今年的假期已经用完，看到特价机票信息还是忍不住登陆航空公司官网，输入某个臆想的时间段，直至查到史上最便宜价格，才心满意足地关掉网页。这是中度患者。</p><p data-we-empty-p=\"\" style=\"text-align:center;\"><br/></p><p style=\"text-align:center;\">对机票起落行情就如基金经理对大盘指数般熟悉，谈论起某个热门旅行目的地，能随口说出北上广港出发的各航线最低价。“乐桃航空上个月才放出过999元往返特价，建议持币观望，等下一波大促再下手”。这是中重度患者。</p><p data-we-empty-p=\"\" style=\"text-align:center;\"><br/></p><p style=\"text-align:center;\">记忆的参照坐标是每一次旅行：毕业后第一年，我去了泰国；从日本回来4个月后，我们分手了；MH370失联时，我在古巴，不能上网，短暂失联。这是缅怀过去型患者。</p><p data-we-empty-p=\"\" style=\"text-align:center;\"><br/></p><p style=\"text-align:center;\">存款的兑换单位是下一次旅行：再努力工作两个月，就能攒够去巴西的机票；如果能谈成这个大单，奖金可以在巴厘岛潜21支气；“双十一”坚持不上淘宝，省下了办一年美签和十年加签的银子。这是展望未来型患者。</p><p data-we-empty-p=\"\" style=\"text-align:center;\"><br/></p><p style=\"text-align:center;\">根据各种“人生必游”排行榜制定旅行计划：今年冬天去马丘比丘，完成“世界新七大奇迹”大满贯；明年是海滩年，把美国国家地理评选的“全球最美十大海滩”挨个游一遍。这是集邮型患者。</p><p data-we-empty-p=\"\" style=\"text-align:center;\"><br/></p><p style=\"text-align:center;\">收集了五花八门的瓶瓶罐罐：从30毫升、50毫升到100毫升，分别适用于5天、10天和1个月的旅行，而且都能带上飞机，搭廉航也不需要付托运行李费；小瓶子装洗发水、护发素，小罐子装面霜，各种试用装、香水版仔留着出门时用。这是囤积症患者。</p><p data-we-empty-p=\"\" style=\"text-align:center;\"><br/></p><p style=\"text-align:center;\">学会了做各个国家的特色菜：薄荷加雪碧和青柠，喝着Mojito一秒穿越回古巴；薄荷加红茶和3大勺砂糖，薄荷甜茶带来中东清真寺祷告；薄荷加九层塔、青木瓜、白洋葱和虾肉，东南亚香料海鲜沙拉齿颊留香。这是煮妇和吃货型患者。</p><p data-we-empty-p=\"\" style=\"text-align:center;\"><br/></p><p style=\"text-align:center;\">护照上有以色列签证，换本新护照去伊朗，去完伊朗办美签，拿着美签免签进墨西哥，另纸签去古巴，再换本护照签以色列。这是热衷挑战hard模式型患者。</p><p data-we-empty-p=\"\" style=\"text-align:center;\"><br/></p><p style=\"text-align:center;\">数不清是去过的国家多，还是爱过的姑娘多。出门从来只买单程票，能轻易决定下一程飞行的目的地，却无法告知家人归期。“累了，麻木了，明天就买机票回家！”次日睡醒，又惯性地踏上旅途。这是极重度患者。</p><p style=\"text-align:center;\"><strong>旅行是爱好，是理想，也是一种病，有些人已放弃治疗。</strong></p>', '董', 6, '青春', 0, '当你决定出发时，旅行最困难的部分已经完成了', '2021-04-24 16:04:05', '2021-04-24 16:04:05', 3, 0, NULL);
INSERT INTO `lt_work` VALUES (27, '旅行日记——重庆篇', '<p style=\"text-align:center;\">&nbsp;&nbsp;&nbsp;&nbsp;&nbsp;&nbsp;&nbsp;&nbsp;来重庆的这几天都是阴雨绵绵，一直都有山雾，但重庆号称雾都山城，也算是特色了。夜晚从远处远眺城市，可以明显看到城市高楼一下很清楚，以上就是涌动的水雾，几座高耸的大楼插入水雾让整个天空都朦胧起来。城市旁边的南山涂山也是这样，几缕山雾一直翻滚，就像传说中的仙山。<br/>之所以叫山城，是因为整个城市主体都建在山上，所以城市里道路落差很大，人口密度很高，楼都很高很密，早期的建筑是建在山脚下，随着人口的增加环山建，然后就是一层一层的往山上建，时间长了就形成特色的重庆建筑，走在老街区可以很明显看到一层一层的房子新旧不一的堆砌在一起，巷子弯弯曲曲狭小只够过人，早期建筑多用料粗糙，不结实，没有经过统一规划的房子，有很多水电，卫生消防等方面的问题，所以现在能看到的大的老街区都在拆除，好像是除了几起事故。徒步走了好久算是去了几个有点味道的老街区感受了一下，就像真正触摸到了这个城市的肌理。有个驴友说，她现在不喜欢去城市旅游，因为现在城市建设的都差不多所以没意思，所以啊我每去一个城市都要去这个城市的老居民区还有菜市场转一转，感受颇多。重庆和武汉就截然不同，老重庆人节奏很慢，而老武汉人风风火火。<br/><br/><img src=\"https://pic1.zhimg.com/v2-a7272b06be31d608206774448723cc04_1440w.jpg?source=172ae18b\" alt=\"旅行日记——重庆篇\" width=\"50%\"/><br/>&nbsp; &nbsp; &nbsp; &nbsp; 重庆吃的不多但是就一个火锅就已经很厉害了，满街飘香的火锅味，真的是大街小巷都是火锅店，重庆火锅据说历史才一百多年，真正的老火锅要加高出锅面很高的牛油来煮，上面漂满了干辣椒和麻椒，必点的食材也都是新鲜的，这一点在我们那里永远吃不到。驴友说一看你点菜就是外地人，本地人有很多菜是不会点的。所谓十二秒的毛肚九秒的肠，就是鲜猪肚只要涮十二秒鸭肠只要九秒，这边火锅没有调料更没有芝麻酱葱花辣椒酱油醋香菜用来调味的，只有一碗芝麻油和一点蒜酱，蘸完再吃，醇香无比。哦其实不辣，我感觉这边以辣出名的东西都一般，还没我家日常吃的辣，但是很好吃。重庆人吃火锅就像吵架，老字号的店要提前定好久才可能定的到，而且都是本地人，有开着豪车，有衣着简陋的在一桌涮着火锅，吃火锅是这个城市的全民运动。<br/>防空洞也是这边的一大特色，虽然现在很少见了，据说是政府不让用，洞子火锅也是当年重庆大轰炸的时候人们躲在防空洞吃饭，时间长了就想吃火锅，慢慢发展起来的。<br/><br/><br/>&nbsp;&nbsp;&nbsp;&nbsp;&nbsp;&nbsp;&nbsp;&nbsp;在这边找路用地图的话很难，因为到处都是小巷子，到处都是天桥，地下通道，这个阶梯下去可能十层楼高，立交桥随处可见，轨道交通可能会在十几层的楼上或者山上，很是神奇。<br/><br/><br/>&nbsp;&nbsp;&nbsp;&nbsp;&nbsp;&nbsp;&nbsp;&nbsp;重庆的方言语气抑扬顿挫，但是喜欢用平舌音，叠字的话习惯略去第二个字的读音。这边一个常见的职业是棒棒，就是一种脚夫，重庆地形负责，有很多坡道，所以就催生出来这种职业，大街小巷都可以看到这类人背着一根缠着绳子棒子的中年人在等着客户。重庆人普遍身材小，但是气候湿润皮肤很好，吃火锅时驴友说你看旁边的阿姨都大哥五六十岁脸上还是没啥皱纹，可能是环境的原因，让这个城市美女的比率高很多，各式各样，赏心悦目。<br/><br/><br/>&nbsp;&nbsp;&nbsp;&nbsp;&nbsp;&nbsp;&nbsp;&nbsp;昨晚跟驴友在江边散步时说的话很不错，人有两件东西不能炫耀，青春和钱，青春谁都有过，谁都会老，要看你在有限的青春干了什么，有的人的用青春过老年人的日子，玩小孩子玩的东西。钱，永远赚不完，看够不够你自己用，什么程度能让你最高兴，何况多少人手里的钱并不是自己的，还多么心安理得呢。旅游的目的不就是这个，看看这个世界有多大，看看别人看世界的角度，别自己早早的把自己困住了，很可惜。别说贫穷限制了你的想法，方法有很多种，别给自己找借口，很没劲。</p><p>2018.1</p>', '董', 6, '青春', 1, '来重庆的这几天都是阴雨绵绵，一直都有山雾，但重庆号称雾都山城，也算是特色了。', '2021-04-24 16:06:49', '2021-04-24 16:06:49', 3, 0, NULL);

SET FOREIGN_KEY_CHECKS = 1;
